PROVIDER;DESCRIPTION;PROJECTID;LOCATION;ASSESSMENTDATE;REQUIREMENTS_ID;REQUIREMENTS_DESCRIPTION;REQUIREMENTS_ATTRIBUTES_IDGRUPOCONTROL;REQUIREMENTS_ATTRIBUTES_MARCO;REQUIREMENTS_ATTRIBUTES_CATEGORIA;REQUIREMENTS_ATTRIBUTES_DESCRIPCIONCONTROL;REQUIREMENTS_ATTRIBUTES_NIVEL;REQUIREMENTS_ATTRIBUTES_TIPO;REQUIREMENTS_ATTRIBUTES_DIMENSIONES;REQUIREMENTS_ATTRIBUTES_MODOEJECUCION;REQUIREMENTS_ATTRIBUTES_DEPENDENCIAS;STATUS;STATUSEXTENDED;RESOURCEID;CHECKID;MUTED;RESOURCENAME
gcp;The accreditation scheme of the ENS (National Security Scheme) has been developed by the Ministry of Finance and Public Administrations and the CCN (National Cryptological Center). This includes the basic principles and minimum requirements necessary for the adequate protection of information.;inbound-entity-461511-j4;global;2025-07-01 12:49:44.280256;op.exp.4.r4.gcp.log.1;Monitorización contínua;op.exp.4.r4;operacional;explotación;Habilitar la configuración de auditoría para la monitorización de los cambios en los servicios de GCP;alto;refuerzo;confidencialidad,integridad,trazabilidad,autenticidad,disponibilidad;automático;;PASS;AR Container Analysis is enabled in project inbound-entity-461511-j4.;containeranalysis.googleapis.com;artifacts_container_analysis_enabled;False;AR Container Analysis
gcp;The accreditation scheme of the ENS (National Security Scheme) has been developed by the Ministry of Finance and Public Administrations and the CCN (National Cryptological Center). This includes the basic principles and minimum requirements necessary for the adequate protection of information.;inbound-entity-461511-j4;global;2025-07-01 12:49:44.280256;op.mon.3.gcp.scc.1;Vigilancia;op.mon.3;operacional;monitorización del sistema;Se deberá habilitar la verificación de vulnerabilidades para los servicios de GCP;alto;requisito;confidencialidad,integridad,trazabilidad,autenticidad,disponibilidad;automático;;PASS;AR Container Analysis is enabled in project inbound-entity-461511-j4.;containeranalysis.googleapis.com;artifacts_container_analysis_enabled;False;AR Container Analysis
gcp;The accreditation scheme of the ENS (National Security Scheme) has been developed by the Ministry of Finance and Public Administrations and the CCN (National Cryptological Center). This includes the basic principles and minimum requirements necessary for the adequate protection of information.;inbound-entity-461511-j4;US;2025-07-01 12:49:44.280256;op.mon.3.r5.gcp.dm.1;Minería de datos;op.mon.3.r5;operacional;monitorización del sistema;Aplicación de medidas para restringir el acceso a datos sin autorización en los servicios de la nube;alto;refuerzo;confidencialidad,integridad,trazabilidad,autenticidad,disponibilidad;automático;;PASS;Bucket export-2emvipe22ql72utfqfya is not publicly accessible.;export-2emvipe22ql72utfqfya;cloudstorage_bucket_public_access;False;export-2emvipe22ql72utfqfya
gcp;The accreditation scheme of the ENS (National Security Scheme) has been developed by the Ministry of Finance and Public Administrations and the CCN (National Cryptological Center). This includes the basic principles and minimum requirements necessary for the adequate protection of information.;inbound-entity-461511-j4;US;2025-07-01 12:49:44.280256;op.mon.3.r5.gcp.dm.1;Minería de datos;op.mon.3.r5;operacional;monitorización del sistema;Aplicación de medidas para restringir el acceso a datos sin autorización en los servicios de la nube;alto;refuerzo;confidencialidad,integridad,trazabilidad,autenticidad,disponibilidad;automático;;PASS;Bucket export-7ea6nbf3rfxh7lc7hmdq is not publicly accessible.;export-7ea6nbf3rfxh7lc7hmdq;cloudstorage_bucket_public_access;False;export-7ea6nbf3rfxh7lc7hmdq
gcp;The accreditation scheme of the ENS (National Security Scheme) has been developed by the Ministry of Finance and Public Administrations and the CCN (National Cryptological Center). This includes the basic principles and minimum requirements necessary for the adequate protection of information.;inbound-entity-461511-j4;US;2025-07-01 12:49:44.280256;op.mon.3.r5.gcp.dm.1;Minería de datos;op.mon.3.r5;operacional;monitorización del sistema;Aplicación de medidas para restringir el acceso a datos sin autorización en los servicios de la nube;alto;refuerzo;confidencialidad,integridad,trazabilidad,autenticidad,disponibilidad;automático;;PASS;Bucket export-ag6yvqffmoie2rpocyha is not publicly accessible.;export-ag6yvqffmoie2rpocyha;cloudstorage_bucket_public_access;False;export-ag6yvqffmoie2rpocyha
gcp;The accreditation scheme of the ENS (National Security Scheme) has been developed by the Ministry of Finance and Public Administrations and the CCN (National Cryptological Center). This includes the basic principles and minimum requirements necessary for the adequate protection of information.;inbound-entity-461511-j4;US;2025-07-01 12:49:44.280256;op.mon.3.r5.gcp.dm.1;Minería de datos;op.mon.3.r5;operacional;monitorización del sistema;Aplicación de medidas para restringir el acceso a datos sin autorización en los servicios de la nube;alto;refuerzo;confidencialidad,integridad,trazabilidad,autenticidad,disponibilidad;automático;;PASS;Bucket export-czkghfu6w6pav2frsxyq is not publicly accessible.;export-czkghfu6w6pav2frsxyq;cloudstorage_bucket_public_access;False;export-czkghfu6w6pav2frsxyq
gcp;The accreditation scheme of the ENS (National Security Scheme) has been developed by the Ministry of Finance and Public Administrations and the CCN (National Cryptological Center). This includes the basic principles and minimum requirements necessary for the adequate protection of information.;inbound-entity-461511-j4;US-CENTRAL1;2025-07-01 12:49:44.280256;op.mon.3.r5.gcp.dm.1;Minería de datos;op.mon.3.r5;operacional;monitorización del sistema;Aplicación de medidas para restringir el acceso a datos sin autorización en los servicios de la nube;alto;refuerzo;confidencialidad,integridad,trazabilidad,autenticidad,disponibilidad;automático;;PASS;Bucket run-sources-inbound-entity-461511-j4-us-central1 is not publicly accessible.;run-sources-inbound-entity-461511-j4-us-central1;cloudstorage_bucket_public_access;False;run-sources-inbound-entity-461511-j4-us-central1
gcp;The accreditation scheme of the ENS (National Security Scheme) has been developed by the Ministry of Finance and Public Administrations and the CCN (National Cryptological Center). This includes the basic principles and minimum requirements necessary for the adequate protection of information.;inbound-entity-461511-j4;US-EAST1;2025-07-01 12:49:44.280256;op.mon.3.r5.gcp.dm.1;Minería de datos;op.mon.3.r5;operacional;monitorización del sistema;Aplicación de medidas para restringir el acceso a datos sin autorización en los servicios de la nube;alto;refuerzo;confidencialidad,integridad,trazabilidad,autenticidad,disponibilidad;automático;;PASS;Bucket run-sources-inbound-entity-461511-j4-us-east1 is not publicly accessible.;run-sources-inbound-entity-461511-j4-us-east1;cloudstorage_bucket_public_access;False;run-sources-inbound-entity-461511-j4-us-east1
gcp;The accreditation scheme of the ENS (National Security Scheme) has been developed by the Ministry of Finance and Public Administrations and the CCN (National Cryptological Center). This includes the basic principles and minimum requirements necessary for the adequate protection of information.;inbound-entity-461511-j4;US-EAST4;2025-07-01 12:49:44.280256;op.mon.3.r5.gcp.dm.1;Minería de datos;op.mon.3.r5;operacional;monitorización del sistema;Aplicación de medidas para restringir el acceso a datos sin autorización en los servicios de la nube;alto;refuerzo;confidencialidad,integridad,trazabilidad,autenticidad,disponibilidad;automático;;PASS;Bucket run-sources-inbound-entity-461511-j4-us-east4 is not publicly accessible.;run-sources-inbound-entity-461511-j4-us-east4;cloudstorage_bucket_public_access;False;run-sources-inbound-entity-461511-j4-us-east4
gcp;The accreditation scheme of the ENS (National Security Scheme) has been developed by the Ministry of Finance and Public Administrations and the CCN (National Cryptological Center). This includes the basic principles and minimum requirements necessary for the adequate protection of information.;inbound-entity-461511-j4;global;2025-07-01 12:49:44.280256;mp.com.1.gcp.fw.1;Perímetro seguro;mp.com.1;medidas de protección;protección de las comunicaciones;Habilitar la restricción de acceso para el tráfico por internet a través de RDP;alto;requisito;confidencialidad,integridad,trazabilidad,autenticidad,disponibilidad;automático;;PASS;Firewall default-allow-icmp does not expose port 3389 (RDP) to the internet.;4831585100056248501;compute_firewall_rdp_access_from_the_internet_allowed;False;default-allow-icmp
gcp;The accreditation scheme of the ENS (National Security Scheme) has been developed by the Ministry of Finance and Public Administrations and the CCN (National Cryptological Center). This includes the basic principles and minimum requirements necessary for the adequate protection of information.;inbound-entity-461511-j4;global;2025-07-01 12:49:44.280256;mp.com.1.gcp.fw.1;Perímetro seguro;mp.com.1;medidas de protección;protección de las comunicaciones;Habilitar la restricción de acceso para el tráfico por internet a través de RDP;alto;requisito;confidencialidad,integridad,trazabilidad,autenticidad,disponibilidad;automático;;PASS;Firewall default-allow-internal does not expose port 3389 (RDP) to the internet.;7829697015417946293;compute_firewall_rdp_access_from_the_internet_allowed;False;default-allow-internal
gcp;The accreditation scheme of the ENS (National Security Scheme) has been developed by the Ministry of Finance and Public Administrations and the CCN (National Cryptological Center). This includes the basic principles and minimum requirements necessary for the adequate protection of information.;inbound-entity-461511-j4;global;2025-07-01 12:49:44.280256;mp.com.1.gcp.fw.1;Perímetro seguro;mp.com.1;medidas de protección;protección de las comunicaciones;Habilitar la restricción de acceso para el tráfico por internet a través de RDP;alto;requisito;confidencialidad,integridad,trazabilidad,autenticidad,disponibilidad;automático;;FAIL;Firewall default-allow-rdp does exposes port 3389 (RDP) to the internet.;4037445621256044725;compute_firewall_rdp_access_from_the_internet_allowed;False;default-allow-rdp
gcp;The accreditation scheme of the ENS (National Security Scheme) has been developed by the Ministry of Finance and Public Administrations and the CCN (National Cryptological Center). This includes the basic principles and minimum requirements necessary for the adequate protection of information.;inbound-entity-461511-j4;global;2025-07-01 12:49:44.280256;mp.com.1.gcp.fw.1;Perímetro seguro;mp.com.1;medidas de protección;protección de las comunicaciones;Habilitar la restricción de acceso para el tráfico por internet a través de RDP;alto;requisito;confidencialidad,integridad,trazabilidad,autenticidad,disponibilidad;automático;;PASS;Firewall default-allow-ssh does not expose port 3389 (RDP) to the internet.;4381256950141960373;compute_firewall_rdp_access_from_the_internet_allowed;False;default-allow-ssh
gcp;The accreditation scheme of the ENS (National Security Scheme) has been developed by the Ministry of Finance and Public Administrations and the CCN (National Cryptological Center). This includes the basic principles and minimum requirements necessary for the adequate protection of information.;inbound-entity-461511-j4;global;2025-07-01 12:49:44.280256;mp.com.1.gcp.fw.2;Perímetro seguro;mp.com.1;medidas de protección;protección de las comunicaciones;Habilitar la restricción de acceso para el tráfico por internet a través de SSH;alto;requisito;confidencialidad,integridad,trazabilidad,autenticidad,disponibilidad;automático;;PASS;Firewall default-allow-icmp does not expose port 22 (SSH) to the internet.;4831585100056248501;compute_firewall_ssh_access_from_the_internet_allowed;False;default-allow-icmp
gcp;The accreditation scheme of the ENS (National Security Scheme) has been developed by the Ministry of Finance and Public Administrations and the CCN (National Cryptological Center). This includes the basic principles and minimum requirements necessary for the adequate protection of information.;inbound-entity-461511-j4;global;2025-07-01 12:49:44.280256;mp.com.1.gcp.fw.2;Perímetro seguro;mp.com.1;medidas de protección;protección de las comunicaciones;Habilitar la restricción de acceso para el tráfico por internet a través de SSH;alto;requisito;confidencialidad,integridad,trazabilidad,autenticidad,disponibilidad;automático;;PASS;Firewall default-allow-internal does not expose port 22 (SSH) to the internet.;7829697015417946293;compute_firewall_ssh_access_from_the_internet_allowed;False;default-allow-internal
gcp;The accreditation scheme of the ENS (National Security Scheme) has been developed by the Ministry of Finance and Public Administrations and the CCN (National Cryptological Center). This includes the basic principles and minimum requirements necessary for the adequate protection of information.;inbound-entity-461511-j4;global;2025-07-01 12:49:44.280256;mp.com.1.gcp.fw.2;Perímetro seguro;mp.com.1;medidas de protección;protección de las comunicaciones;Habilitar la restricción de acceso para el tráfico por internet a través de SSH;alto;requisito;confidencialidad,integridad,trazabilidad,autenticidad,disponibilidad;automático;;PASS;Firewall default-allow-rdp does not expose port 22 (SSH) to the internet.;4037445621256044725;compute_firewall_ssh_access_from_the_internet_allowed;False;default-allow-rdp
gcp;The accreditation scheme of the ENS (National Security Scheme) has been developed by the Ministry of Finance and Public Administrations and the CCN (National Cryptological Center). This includes the basic principles and minimum requirements necessary for the adequate protection of information.;inbound-entity-461511-j4;global;2025-07-01 12:49:44.280256;mp.com.1.gcp.fw.2;Perímetro seguro;mp.com.1;medidas de protección;protección de las comunicaciones;Habilitar la restricción de acceso para el tráfico por internet a través de SSH;alto;requisito;confidencialidad,integridad,trazabilidad,autenticidad,disponibilidad;automático;;FAIL;Firewall default-allow-ssh does exposes port 22 (SSH) to the internet.;4381256950141960373;compute_firewall_ssh_access_from_the_internet_allowed;False;default-allow-ssh
gcp;The accreditation scheme of the ENS (National Security Scheme) has been developed by the Ministry of Finance and Public Administrations and the CCN (National Cryptological Center). This includes the basic principles and minimum requirements necessary for the adequate protection of information.;inbound-entity-461511-j4;global;2025-07-01 12:49:44.280256;mp.com.3.r1.gcp.net.1;Redes privadas virtuales;mp.com.3.r1;medidas de protección;protección de las comunicaciones;La configuración de red por defecto debe estar deshabilitada;alto;refuerzo;integridad,autenticidad;automático;;FAIL;Default network is in use in project inbound-entity-461511-j4.;default;compute_network_default_in_use;False;default
gcp;The accreditation scheme of the ENS (National Security Scheme) has been developed by the Ministry of Finance and Public Administrations and the CCN (National Cryptological Center). This includes the basic principles and minimum requirements necessary for the adequate protection of information.;inbound-entity-461511-j4;global;2025-07-01 12:49:44.280256;mp.com.4.gcp.vpc.1;Separación de flujos de información en la red;mp.com.4;medidas de protección;protección de las comunicaciones;Se deberá eliminar la red por defecto del proyecto (default).;alto;requisito;confidencialidad,integridad,trazabilidad,autenticidad,disponibilidad;automático;;FAIL;Default network is in use in project inbound-entity-461511-j4.;default;compute_network_default_in_use;False;default
gcp;The accreditation scheme of the ENS (National Security Scheme) has been developed by the Ministry of Finance and Public Administrations and the CCN (National Cryptological Center). This includes the basic principles and minimum requirements necessary for the adequate protection of information.;inbound-entity-461511-j4;global;2025-07-01 12:49:44.280256;mp.com.4.gcp.vpc.1;Separación de flujos de información en la red;mp.com.4;medidas de protección;protección de las comunicaciones;Evitar el uso de subnets con acceso a IPs públicas;alto;requisito;confidencialidad,integridad,trazabilidad,autenticidad,disponibilidad;automático;;FAIL;Default network is in use in project inbound-entity-461511-j4.;default;compute_network_default_in_use;False;default
gcp;The accreditation scheme of the ENS (National Security Scheme) has been developed by the Ministry of Finance and Public Administrations and the CCN (National Cryptological Center). This includes the basic principles and minimum requirements necessary for the adequate protection of information.;inbound-entity-461511-j4;global;2025-07-01 12:49:44.280256;mp.com.4.r1.gcp.net.1;Segmentación lógica básica;mp.com.4.r1;medidas de protección;protección de las comunicaciones;Se deberá eliminar la red por defecto del proyecto (default).;alto;refuerzo;confidencialidad,integridad,trazabilidad,autenticidad,disponibilidad;automático;;FAIL;Default network is in use in project inbound-entity-461511-j4.;default;compute_network_default_in_use;False;default
gcp;The accreditation scheme of the ENS (National Security Scheme) has been developed by the Ministry of Finance and Public Administrations and the CCN (National Cryptological Center). This includes the basic principles and minimum requirements necessary for the adequate protection of information.;inbound-entity-461511-j4;global;2025-07-01 12:49:44.280256;op.exp.8.gcp.nt.1;Registro de la actividad;op.exp.8;operacional;explotación;Configuración de las reglas de actividad de red para registrar los cambios;alto;requisito;trazabilidad;automático;;FAIL;Network default does not have DNS logging enabled.;4640827988780007637;compute_network_dns_logging_enabled;False;default
gcp;The accreditation scheme of the ENS (National Security Scheme) has been developed by the Ministry of Finance and Public Administrations and the CCN (National Cryptological Center). This includes the basic principles and minimum requirements necessary for the adequate protection of information.;inbound-entity-461511-j4;global;2025-07-01 12:49:44.280256;mp.com.2.r2.gcp.scc.1;Dispositivos hardware;mp.com.2.r2;medidas de protección;protección de las comunicaciones;Los dispositivos de hardware deberán ser configurados dentro de la red privada virtual;alto;refuerzo;confidencialidad;automático;;FAIL;Network default does not have DNS logging enabled.;4640827988780007637;compute_network_dns_logging_enabled;False;default
gcp;The accreditation scheme of the ENS (National Security Scheme) has been developed by the Ministry of Finance and Public Administrations and the CCN (National Cryptological Center). This includes the basic principles and minimum requirements necessary for the adequate protection of information.;inbound-entity-461511-j4;global;2025-07-01 12:49:44.280256;mp.com.3.r3.gcp.scc.1;Dispositivos hardware;mp.com.3.r3;medidas de protección;protección de las comunicaciones;Los dispositivos de hardware deberán ser configurados dentro de la red privada virtual;alto;refuerzo;integridad,autenticidad;automático;;FAIL;Network default does not have DNS logging enabled.;4640827988780007637;compute_network_dns_logging_enabled;False;default
gcp;The accreditation scheme of the ENS (National Security Scheme) has been developed by the Ministry of Finance and Public Administrations and the CCN (National Cryptological Center). This includes the basic principles and minimum requirements necessary for the adequate protection of information.;inbound-entity-461511-j4;global;2025-07-01 12:49:44.280256;op.ext.3.gcp.log.1;Protección de la cadena de suministro;op.ext.3;operacional;recursos externos;Habilitar el acceso al sistema operativo;alto;requisito;confidencialidad,integridad,trazabilidad,autenticidad,disponibilidad;automático;;FAIL;Project inbound-entity-461511-j4 does not have OS Login enabled.;inbound-entity-461511-j4;compute_project_os_login_enabled;False;My First Project
gcp;The accreditation scheme of the ENS (National Security Scheme) has been developed by the Ministry of Finance and Public Administrations and the CCN (National Cryptological Center). This includes the basic principles and minimum requirements necessary for the adequate protection of information.;inbound-entity-461511-j4;us-east1;2025-07-01 12:49:44.280256;op.exp.6.r4.gcp.nt.1;Capacidad de respuesta en caso de incidente;op.exp.6.r4;operacional;explotación;;alto;refuerzo;confidencialidad,integridad,trazabilidad,autenticidad,disponibilidad;automático;;FAIL;Subnet default in network default does not have flow logs enabled.;5276167185023910062;compute_subnet_flow_logs_enabled;False;default
gcp;The accreditation scheme of the ENS (National Security Scheme) has been developed by the Ministry of Finance and Public Administrations and the CCN (National Cryptological Center). This includes the basic principles and minimum requirements necessary for the adequate protection of information.;inbound-entity-461511-j4;us-east5;2025-07-01 12:49:44.280256;op.exp.6.r4.gcp.nt.1;Capacidad de respuesta en caso de incidente;op.exp.6.r4;operacional;explotación;;alto;refuerzo;confidencialidad,integridad,trazabilidad,autenticidad,disponibilidad;automático;;FAIL;Subnet default in network default does not have flow logs enabled.;7915361911958159533;compute_subnet_flow_logs_enabled;False;default
gcp;The accreditation scheme of the ENS (National Security Scheme) has been developed by the Ministry of Finance and Public Administrations and the CCN (National Cryptological Center). This includes the basic principles and minimum requirements necessary for the adequate protection of information.;inbound-entity-461511-j4;us-south1;2025-07-01 12:49:44.280256;op.exp.6.r4.gcp.nt.1;Capacidad de respuesta en caso de incidente;op.exp.6.r4;operacional;explotación;;alto;refuerzo;confidencialidad,integridad,trazabilidad,autenticidad,disponibilidad;automático;;FAIL;Subnet default in network default does not have flow logs enabled.;4500715903497552045;compute_subnet_flow_logs_enabled;False;default
gcp;The accreditation scheme of the ENS (National Security Scheme) has been developed by the Ministry of Finance and Public Administrations and the CCN (National Cryptological Center). This includes the basic principles and minimum requirements necessary for the adequate protection of information.;inbound-entity-461511-j4;northamerica-northeast2;2025-07-01 12:49:44.280256;op.exp.6.r4.gcp.nt.1;Capacidad de respuesta en caso de incidente;op.exp.6.r4;operacional;explotación;;alto;refuerzo;confidencialidad,integridad,trazabilidad,autenticidad,disponibilidad;automático;;FAIL;Subnet default in network default does not have flow logs enabled.;4343465988170989741;compute_subnet_flow_logs_enabled;False;default
gcp;The accreditation scheme of the ENS (National Security Scheme) has been developed by the Ministry of Finance and Public Administrations and the CCN (National Cryptological Center). This includes the basic principles and minimum requirements necessary for the adequate protection of information.;inbound-entity-461511-j4;us-west1;2025-07-01 12:49:44.280256;op.exp.6.r4.gcp.nt.1;Capacidad de respuesta en caso de incidente;op.exp.6.r4;operacional;explotación;;alto;refuerzo;confidencialidad,integridad,trazabilidad,autenticidad,disponibilidad;automático;;FAIL;Subnet default in network default does not have flow logs enabled.;1723146306767831214;compute_subnet_flow_logs_enabled;False;default
gcp;The accreditation scheme of the ENS (National Security Scheme) has been developed by the Ministry of Finance and Public Administrations and the CCN (National Cryptological Center). This includes the basic principles and minimum requirements necessary for the adequate protection of information.;inbound-entity-461511-j4;us-east4;2025-07-01 12:49:44.280256;op.exp.6.r4.gcp.nt.1;Capacidad de respuesta en caso de incidente;op.exp.6.r4;operacional;explotación;;alto;refuerzo;confidencialidad,integridad,trazabilidad,autenticidad,disponibilidad;automático;;FAIL;Subnet default in network default does not have flow logs enabled.;7501131987209175214;compute_subnet_flow_logs_enabled;False;default
gcp;The accreditation scheme of the ENS (National Security Scheme) has been developed by the Ministry of Finance and Public Administrations and the CCN (National Cryptological Center). This includes the basic principles and minimum requirements necessary for the adequate protection of information.;inbound-entity-461511-j4;northamerica-northeast1;2025-07-01 12:49:44.280256;op.exp.6.r4.gcp.nt.1;Capacidad de respuesta en caso de incidente;op.exp.6.r4;operacional;explotación;;alto;refuerzo;confidencialidad,integridad,trazabilidad,autenticidad,disponibilidad;automático;;FAIL;Subnet default in network default does not have flow logs enabled.;9164831012908974253;compute_subnet_flow_logs_enabled;False;default
gcp;The accreditation scheme of the ENS (National Security Scheme) has been developed by the Ministry of Finance and Public Administrations and the CCN (National Cryptological Center). This includes the basic principles and minimum requirements necessary for the adequate protection of information.;inbound-entity-461511-j4;us-central1;2025-07-01 12:49:44.280256;op.exp.6.r4.gcp.nt.1;Capacidad de respuesta en caso de incidente;op.exp.6.r4;operacional;explotación;;alto;refuerzo;confidencialidad,integridad,trazabilidad,autenticidad,disponibilidad;automático;;FAIL;Subnet default in network default does not have flow logs enabled.;4066485020425732270;compute_subnet_flow_logs_enabled;False;default
gcp;The accreditation scheme of the ENS (National Security Scheme) has been developed by the Ministry of Finance and Public Administrations and the CCN (National Cryptological Center). This includes the basic principles and minimum requirements necessary for the adequate protection of information.;inbound-entity-461511-j4;europe-west4;2025-07-01 12:49:44.280256;op.exp.6.r4.gcp.nt.1;Capacidad de respuesta en caso de incidente;op.exp.6.r4;operacional;explotación;;alto;refuerzo;confidencialidad,integridad,trazabilidad,autenticidad,disponibilidad;automático;;FAIL;Subnet default in network default does not have flow logs enabled.;8131200743184810157;compute_subnet_flow_logs_enabled;False;default
gcp;The accreditation scheme of the ENS (National Security Scheme) has been developed by the Ministry of Finance and Public Administrations and the CCN (National Cryptological Center). This includes the basic principles and minimum requirements necessary for the adequate protection of information.;inbound-entity-461511-j4;us-west4;2025-07-01 12:49:44.280256;op.exp.6.r4.gcp.nt.1;Capacidad de respuesta en caso de incidente;op.exp.6.r4;operacional;explotación;;alto;refuerzo;confidencialidad,integridad,trazabilidad,autenticidad,disponibilidad;automático;;FAIL;Subnet default in network default does not have flow logs enabled.;6698361178922172589;compute_subnet_flow_logs_enabled;False;default
gcp;The accreditation scheme of the ENS (National Security Scheme) has been developed by the Ministry of Finance and Public Administrations and the CCN (National Cryptological Center). This includes the basic principles and minimum requirements necessary for the adequate protection of information.;inbound-entity-461511-j4;europe-west10;2025-07-01 12:49:44.280256;op.exp.6.r4.gcp.nt.1;Capacidad de respuesta en caso de incidente;op.exp.6.r4;operacional;explotación;;alto;refuerzo;confidencialidad,integridad,trazabilidad,autenticidad,disponibilidad;automático;;FAIL;Subnet default in network default does not have flow logs enabled.;9025139933205774509;compute_subnet_flow_logs_enabled;False;default
gcp;The accreditation scheme of the ENS (National Security Scheme) has been developed by the Ministry of Finance and Public Administrations and the CCN (National Cryptological Center). This includes the basic principles and minimum requirements necessary for the adequate protection of information.;inbound-entity-461511-j4;europe-west12;2025-07-01 12:49:44.280256;op.exp.6.r4.gcp.nt.1;Capacidad de respuesta en caso de incidente;op.exp.6.r4;operacional;explotación;;alto;refuerzo;confidencialidad,integridad,trazabilidad,autenticidad,disponibilidad;automático;;FAIL;Subnet default in network default does not have flow logs enabled.;8553495890666209453;compute_subnet_flow_logs_enabled;False;default
gcp;The accreditation scheme of the ENS (National Security Scheme) has been developed by the Ministry of Finance and Public Administrations and the CCN (National Cryptological Center). This includes the basic principles and minimum requirements necessary for the adequate protection of information.;inbound-entity-461511-j4;us-west2;2025-07-01 12:49:44.280256;op.exp.6.r4.gcp.nt.1;Capacidad de respuesta en caso de incidente;op.exp.6.r4;operacional;explotación;;alto;refuerzo;confidencialidad,integridad,trazabilidad,autenticidad,disponibilidad;automático;;FAIL;Subnet default in network default does not have flow logs enabled.;5347385456552853677;compute_subnet_flow_logs_enabled;False;default
gcp;The accreditation scheme of the ENS (National Security Scheme) has been developed by the Ministry of Finance and Public Administrations and the CCN (National Cryptological Center). This includes the basic principles and minimum requirements necessary for the adequate protection of information.;inbound-entity-461511-j4;europe-north2;2025-07-01 12:49:44.280256;op.exp.6.r4.gcp.nt.1;Capacidad de respuesta en caso de incidente;op.exp.6.r4;operacional;explotación;;alto;refuerzo;confidencialidad,integridad,trazabilidad,autenticidad,disponibilidad;automático;;FAIL;Subnet default in network default does not have flow logs enabled.;4609668898695692461;compute_subnet_flow_logs_enabled;False;default
gcp;The accreditation scheme of the ENS (National Security Scheme) has been developed by the Ministry of Finance and Public Administrations and the CCN (National Cryptological Center). This includes the basic principles and minimum requirements necessary for the adequate protection of information.;inbound-entity-461511-j4;europe-west3;2025-07-01 12:49:44.280256;op.exp.6.r4.gcp.nt.1;Capacidad de respuesta en caso de incidente;op.exp.6.r4;operacional;explotación;;alto;refuerzo;confidencialidad,integridad,trazabilidad,autenticidad,disponibilidad;automático;;FAIL;Subnet default in network default does not have flow logs enabled.;8513126466553921709;compute_subnet_flow_logs_enabled;False;default
gcp;The accreditation scheme of the ENS (National Security Scheme) has been developed by the Ministry of Finance and Public Administrations and the CCN (National Cryptological Center). This includes the basic principles and minimum requirements necessary for the adequate protection of information.;inbound-entity-461511-j4;europe-west9;2025-07-01 12:49:44.280256;op.exp.6.r4.gcp.nt.1;Capacidad de respuesta en caso de incidente;op.exp.6.r4;operacional;explotación;;alto;refuerzo;confidencialidad,integridad,trazabilidad,autenticidad,disponibilidad;automático;;FAIL;Subnet default in network default does not have flow logs enabled.;1404553002914431149;compute_subnet_flow_logs_enabled;False;default
gcp;The accreditation scheme of the ENS (National Security Scheme) has been developed by the Ministry of Finance and Public Administrations and the CCN (National Cryptological Center). This includes the basic principles and minimum requirements necessary for the adequate protection of information.;inbound-entity-461511-j4;asia-northeast2;2025-07-01 12:49:44.280256;op.exp.6.r4.gcp.nt.1;Capacidad de respuesta en caso de incidente;op.exp.6.r4;operacional;explotación;;alto;refuerzo;confidencialidad,integridad,trazabilidad,autenticidad,disponibilidad;automático;;FAIL;Subnet default in network default does not have flow logs enabled.;8746008879062335661;compute_subnet_flow_logs_enabled;False;default
gcp;The accreditation scheme of the ENS (National Security Scheme) has been developed by the Ministry of Finance and Public Administrations and the CCN (National Cryptological Center). This includes the basic principles and minimum requirements necessary for the adequate protection of information.;inbound-entity-461511-j4;europe-southwest1;2025-07-01 12:49:44.280256;op.exp.6.r4.gcp.nt.1;Capacidad de respuesta en caso de incidente;op.exp.6.r4;operacional;explotación;;alto;refuerzo;confidencialidad,integridad,trazabilidad,autenticidad,disponibilidad;automático;;FAIL;Subnet default in network default does not have flow logs enabled.;33015601356882093;compute_subnet_flow_logs_enabled;False;default
gcp;The accreditation scheme of the ENS (National Security Scheme) has been developed by the Ministry of Finance and Public Administrations and the CCN (National Cryptological Center). This includes the basic principles and minimum requirements necessary for the adequate protection of information.;inbound-entity-461511-j4;me-central1;2025-07-01 12:49:44.280256;op.exp.6.r4.gcp.nt.1;Capacidad de respuesta en caso de incidente;op.exp.6.r4;operacional;explotación;;alto;refuerzo;confidencialidad,integridad,trazabilidad,autenticidad,disponibilidad;automático;;FAIL;Subnet default in network default does not have flow logs enabled.;4178596994134851757;compute_subnet_flow_logs_enabled;False;default
gcp;The accreditation scheme of the ENS (National Security Scheme) has been developed by the Ministry of Finance and Public Administrations and the CCN (National Cryptological Center). This includes the basic principles and minimum requirements necessary for the adequate protection of information.;inbound-entity-461511-j4;europe-west6;2025-07-01 12:49:44.280256;op.exp.6.r4.gcp.nt.1;Capacidad de respuesta en caso de incidente;op.exp.6.r4;operacional;explotación;;alto;refuerzo;confidencialidad,integridad,trazabilidad,autenticidad,disponibilidad;automático;;FAIL;Subnet default in network default does not have flow logs enabled.;5639549077854896301;compute_subnet_flow_logs_enabled;False;default
gcp;The accreditation scheme of the ENS (National Security Scheme) has been developed by the Ministry of Finance and Public Administrations and the CCN (National Cryptological Center). This includes the basic principles and minimum requirements necessary for the adequate protection of information.;inbound-entity-461511-j4;asia-east1;2025-07-01 12:49:44.280256;op.exp.6.r4.gcp.nt.1;Capacidad de respuesta en caso de incidente;op.exp.6.r4;operacional;explotación;;alto;refuerzo;confidencialidad,integridad,trazabilidad,autenticidad,disponibilidad;automático;;FAIL;Subnet default in network default does not have flow logs enabled.;6980668722158256301;compute_subnet_flow_logs_enabled;False;default
gcp;The accreditation scheme of the ENS (National Security Scheme) has been developed by the Ministry of Finance and Public Administrations and the CCN (National Cryptological Center). This includes the basic principles and minimum requirements necessary for the adequate protection of information.;inbound-entity-461511-j4;europe-west1;2025-07-01 12:49:44.280256;op.exp.6.r4.gcp.nt.1;Capacidad de respuesta en caso de incidente;op.exp.6.r4;operacional;explotación;;alto;refuerzo;confidencialidad,integridad,trazabilidad,autenticidad,disponibilidad;automático;;FAIL;Subnet default in network default does not have flow logs enabled.;16346871935811757;compute_subnet_flow_logs_enabled;False;default
gcp;The accreditation scheme of the ENS (National Security Scheme) has been developed by the Ministry of Finance and Public Administrations and the CCN (National Cryptological Center). This includes the basic principles and minimum requirements necessary for the adequate protection of information.;inbound-entity-461511-j4;europe-central2;2025-07-01 12:49:44.280256;op.exp.6.r4.gcp.nt.1;Capacidad de respuesta en caso de incidente;op.exp.6.r4;operacional;explotación;;alto;refuerzo;confidencialidad,integridad,trazabilidad,autenticidad,disponibilidad;automático;;FAIL;Subnet default in network default does not have flow logs enabled.;4419043647210406061;compute_subnet_flow_logs_enabled;False;default
gcp;The accreditation scheme of the ENS (National Security Scheme) has been developed by the Ministry of Finance and Public Administrations and the CCN (National Cryptological Center). This includes the basic principles and minimum requirements necessary for the adequate protection of information.;inbound-entity-461511-j4;asia-southeast2;2025-07-01 12:49:44.280256;op.exp.6.r4.gcp.nt.1;Capacidad de respuesta en caso de incidente;op.exp.6.r4;operacional;explotación;;alto;refuerzo;confidencialidad,integridad,trazabilidad,autenticidad,disponibilidad;automático;;FAIL;Subnet default in network default does not have flow logs enabled.;1585873585710055597;compute_subnet_flow_logs_enabled;False;default
gcp;The accreditation scheme of the ENS (National Security Scheme) has been developed by the Ministry of Finance and Public Administrations and the CCN (National Cryptological Center). This includes the basic principles and minimum requirements necessary for the adequate protection of information.;inbound-entity-461511-j4;southamerica-west1;2025-07-01 12:49:44.280256;op.exp.6.r4.gcp.nt.1;Capacidad de respuesta en caso de incidente;op.exp.6.r4;operacional;explotación;;alto;refuerzo;confidencialidad,integridad,trazabilidad,autenticidad,disponibilidad;automático;;FAIL;Subnet default in network default does not have flow logs enabled.;8251863116311969965;compute_subnet_flow_logs_enabled;False;default
gcp;The accreditation scheme of the ENS (National Security Scheme) has been developed by the Ministry of Finance and Public Administrations and the CCN (National Cryptological Center). This includes the basic principles and minimum requirements necessary for the adequate protection of information.;inbound-entity-461511-j4;us-west3;2025-07-01 12:49:44.280256;op.exp.6.r4.gcp.nt.1;Capacidad de respuesta en caso de incidente;op.exp.6.r4;operacional;explotación;;alto;refuerzo;confidencialidad,integridad,trazabilidad,autenticidad,disponibilidad;automático;;FAIL;Subnet default in network default does not have flow logs enabled.;6181008947662307501;compute_subnet_flow_logs_enabled;False;default
gcp;The accreditation scheme of the ENS (National Security Scheme) has been developed by the Ministry of Finance and Public Administrations and the CCN (National Cryptological Center). This includes the basic principles and minimum requirements necessary for the adequate protection of information.;inbound-entity-461511-j4;asia-southeast1;2025-07-01 12:49:44.280256;op.exp.6.r4.gcp.nt.1;Capacidad de respuesta en caso de incidente;op.exp.6.r4;operacional;explotación;;alto;refuerzo;confidencialidad,integridad,trazabilidad,autenticidad,disponibilidad;automático;;FAIL;Subnet default in network default does not have flow logs enabled.;3849405519176155309;compute_subnet_flow_logs_enabled;False;default
gcp;The accreditation scheme of the ENS (National Security Scheme) has been developed by the Ministry of Finance and Public Administrations and the CCN (National Cryptological Center). This includes the basic principles and minimum requirements necessary for the adequate protection of information.;inbound-entity-461511-j4;europe-north1;2025-07-01 12:49:44.280256;op.exp.6.r4.gcp.nt.1;Capacidad de respuesta en caso de incidente;op.exp.6.r4;operacional;explotación;;alto;refuerzo;confidencialidad,integridad,trazabilidad,autenticidad,disponibilidad;automático;;FAIL;Subnet default in network default does not have flow logs enabled.;343017553279074477;compute_subnet_flow_logs_enabled;False;default
gcp;The accreditation scheme of the ENS (National Security Scheme) has been developed by the Ministry of Finance and Public Administrations and the CCN (National Cryptological Center). This includes the basic principles and minimum requirements necessary for the adequate protection of information.;inbound-entity-461511-j4;me-west1;2025-07-01 12:49:44.280256;op.exp.6.r4.gcp.nt.1;Capacidad de respuesta en caso de incidente;op.exp.6.r4;operacional;explotación;;alto;refuerzo;confidencialidad,integridad,trazabilidad,autenticidad,disponibilidad;automático;;FAIL;Subnet default in network default does not have flow logs enabled.;4037073496699584685;compute_subnet_flow_logs_enabled;False;default
gcp;The accreditation scheme of the ENS (National Security Scheme) has been developed by the Ministry of Finance and Public Administrations and the CCN (National Cryptological Center). This includes the basic principles and minimum requirements necessary for the adequate protection of information.;inbound-entity-461511-j4;asia-east2;2025-07-01 12:49:44.280256;op.exp.6.r4.gcp.nt.1;Capacidad de respuesta en caso de incidente;op.exp.6.r4;operacional;explotación;;alto;refuerzo;confidencialidad,integridad,trazabilidad,autenticidad,disponibilidad;automático;;FAIL;Subnet default in network default does not have flow logs enabled.;1016280043731304621;compute_subnet_flow_logs_enabled;False;default
gcp;The accreditation scheme of the ENS (National Security Scheme) has been developed by the Ministry of Finance and Public Administrations and the CCN (National Cryptological Center). This includes the basic principles and minimum requirements necessary for the adequate protection of information.;inbound-entity-461511-j4;northamerica-south1;2025-07-01 12:49:44.280256;op.exp.6.r4.gcp.nt.1;Capacidad de respuesta en caso de incidente;op.exp.6.r4;operacional;explotación;;alto;refuerzo;confidencialidad,integridad,trazabilidad,autenticidad,disponibilidad;automático;;FAIL;Subnet default in network default does not have flow logs enabled.;7234548533992112301;compute_subnet_flow_logs_enabled;False;default
gcp;The accreditation scheme of the ENS (National Security Scheme) has been developed by the Ministry of Finance and Public Administrations and the CCN (National Cryptological Center). This includes the basic principles and minimum requirements necessary for the adequate protection of information.;inbound-entity-461511-j4;africa-south1;2025-07-01 12:49:44.280256;op.exp.6.r4.gcp.nt.1;Capacidad de respuesta en caso de incidente;op.exp.6.r4;operacional;explotación;;alto;refuerzo;confidencialidad,integridad,trazabilidad,autenticidad,disponibilidad;automático;;FAIL;Subnet default in network default does not have flow logs enabled.;6525477586933137581;compute_subnet_flow_logs_enabled;False;default
gcp;The accreditation scheme of the ENS (National Security Scheme) has been developed by the Ministry of Finance and Public Administrations and the CCN (National Cryptological Center). This includes the basic principles and minimum requirements necessary for the adequate protection of information.;inbound-entity-461511-j4;europe-west2;2025-07-01 12:49:44.280256;op.exp.6.r4.gcp.nt.1;Capacidad de respuesta en caso de incidente;op.exp.6.r4;operacional;explotación;;alto;refuerzo;confidencialidad,integridad,trazabilidad,autenticidad,disponibilidad;automático;;FAIL;Subnet default in network default does not have flow logs enabled.;520349258212982957;compute_subnet_flow_logs_enabled;False;default
gcp;The accreditation scheme of the ENS (National Security Scheme) has been developed by the Ministry of Finance and Public Administrations and the CCN (National Cryptological Center). This includes the basic principles and minimum requirements necessary for the adequate protection of information.;inbound-entity-461511-j4;australia-southeast2;2025-07-01 12:49:44.280256;op.exp.6.r4.gcp.nt.1;Capacidad de respuesta en caso de incidente;op.exp.6.r4;operacional;explotación;;alto;refuerzo;confidencialidad,integridad,trazabilidad,autenticidad,disponibilidad;automático;;FAIL;Subnet default in network default does not have flow logs enabled.;3307157733323325613;compute_subnet_flow_logs_enabled;False;default
gcp;The accreditation scheme of the ENS (National Security Scheme) has been developed by the Ministry of Finance and Public Administrations and the CCN (National Cryptological Center). This includes the basic principles and minimum requirements necessary for the adequate protection of information.;inbound-entity-461511-j4;australia-southeast1;2025-07-01 12:49:44.280256;op.exp.6.r4.gcp.nt.1;Capacidad de respuesta en caso de incidente;op.exp.6.r4;operacional;explotación;;alto;refuerzo;confidencialidad,integridad,trazabilidad,autenticidad,disponibilidad;automático;;FAIL;Subnet default in network default does not have flow logs enabled.;5007487409809277101;compute_subnet_flow_logs_enabled;False;default
gcp;The accreditation scheme of the ENS (National Security Scheme) has been developed by the Ministry of Finance and Public Administrations and the CCN (National Cryptological Center). This includes the basic principles and minimum requirements necessary for the adequate protection of information.;inbound-entity-461511-j4;europe-west8;2025-07-01 12:49:44.280256;op.exp.6.r4.gcp.nt.1;Capacidad de respuesta en caso de incidente;op.exp.6.r4;operacional;explotación;;alto;refuerzo;confidencialidad,integridad,trazabilidad,autenticidad,disponibilidad;automático;;FAIL;Subnet default in network default does not have flow logs enabled.;8041309268112851117;compute_subnet_flow_logs_enabled;False;default
gcp;The accreditation scheme of the ENS (National Security Scheme) has been developed by the Ministry of Finance and Public Administrations and the CCN (National Cryptological Center). This includes the basic principles and minimum requirements necessary for the adequate protection of information.;inbound-entity-461511-j4;southamerica-east1;2025-07-01 12:49:44.280256;op.exp.6.r4.gcp.nt.1;Capacidad de respuesta en caso de incidente;op.exp.6.r4;operacional;explotación;;alto;refuerzo;confidencialidad,integridad,trazabilidad,autenticidad,disponibilidad;automático;;FAIL;Subnet default in network default does not have flow logs enabled.;6181888166122504365;compute_subnet_flow_logs_enabled;False;default
gcp;The accreditation scheme of the ENS (National Security Scheme) has been developed by the Ministry of Finance and Public Administrations and the CCN (National Cryptological Center). This includes the basic principles and minimum requirements necessary for the adequate protection of information.;inbound-entity-461511-j4;asia-northeast1;2025-07-01 12:49:44.280256;op.exp.6.r4.gcp.nt.1;Capacidad de respuesta en caso de incidente;op.exp.6.r4;operacional;explotación;;alto;refuerzo;confidencialidad,integridad,trazabilidad,autenticidad,disponibilidad;automático;;FAIL;Subnet default in network default does not have flow logs enabled.;8995685584360718509;compute_subnet_flow_logs_enabled;False;default
gcp;The accreditation scheme of the ENS (National Security Scheme) has been developed by the Ministry of Finance and Public Administrations and the CCN (National Cryptological Center). This includes the basic principles and minimum requirements necessary for the adequate protection of information.;inbound-entity-461511-j4;asia-northeast3;2025-07-01 12:49:44.280256;op.exp.6.r4.gcp.nt.1;Capacidad de respuesta en caso de incidente;op.exp.6.r4;operacional;explotación;;alto;refuerzo;confidencialidad,integridad,trazabilidad,autenticidad,disponibilidad;automático;;FAIL;Subnet default in network default does not have flow logs enabled.;689524459474534573;compute_subnet_flow_logs_enabled;False;default
gcp;The accreditation scheme of the ENS (National Security Scheme) has been developed by the Ministry of Finance and Public Administrations and the CCN (National Cryptological Center). This includes the basic principles and minimum requirements necessary for the adequate protection of information.;inbound-entity-461511-j4;asia-south1;2025-07-01 12:49:44.280256;op.exp.6.r4.gcp.nt.1;Capacidad de respuesta en caso de incidente;op.exp.6.r4;operacional;explotación;;alto;refuerzo;confidencialidad,integridad,trazabilidad,autenticidad,disponibilidad;automático;;FAIL;Subnet default in network default does not have flow logs enabled.;4509980848034693293;compute_subnet_flow_logs_enabled;False;default
gcp;The accreditation scheme of the ENS (National Security Scheme) has been developed by the Ministry of Finance and Public Administrations and the CCN (National Cryptological Center). This includes the basic principles and minimum requirements necessary for the adequate protection of information.;inbound-entity-461511-j4;asia-south2;2025-07-01 12:49:44.280256;op.exp.6.r4.gcp.nt.1;Capacidad de respuesta en caso de incidente;op.exp.6.r4;operacional;explotación;;alto;refuerzo;confidencialidad,integridad,trazabilidad,autenticidad,disponibilidad;automático;;FAIL;Subnet default in network default does not have flow logs enabled.;6044575759566913709;compute_subnet_flow_logs_enabled;False;default
gcp;The accreditation scheme of the ENS (National Security Scheme) has been developed by the Ministry of Finance and Public Administrations and the CCN (National Cryptological Center). This includes the basic principles and minimum requirements necessary for the adequate protection of information.;inbound-entity-461511-j4;global;2025-07-01 12:49:44.280256;op.mon.1.r1.gcp.scc.1;Detección basada en reglas;op.mon.1.r1;operacional;monitorización del sistema;Habilitación del contenedor GCR para el escaneo de repositorios Docker;alto;refuerzo;confidencialidad,integridad,trazabilidad,autenticidad,disponibilidad;automático;;PASS;GCR Container Scanning is enabled in project inbound-entity-461511-j4.;containerscanning.googleapis.com;gcr_container_scanning_enabled;False;GCR Container Scanning
gcp;The accreditation scheme of the ENS (National Security Scheme) has been developed by the Ministry of Finance and Public Administrations and the CCN (National Cryptological Center). This includes the basic principles and minimum requirements necessary for the adequate protection of information.;inbound-entity-461511-j4;global;2025-07-01 12:49:44.280256;op.mon.1.r2.gcp.scc.1;Procedimientos de respuesta;op.mon.1.r2;operacional;monitorización del sistema;Habilitar el scan de vulnerabilidades para GCR y terceros.;alto;refuerzo;confidencialidad,integridad,trazabilidad,autenticidad,disponibilidad;automático;;PASS;GCR Container Scanning is enabled in project inbound-entity-461511-j4.;containerscanning.googleapis.com;gcr_container_scanning_enabled;False;GCR Container Scanning
gcp;The accreditation scheme of the ENS (National Security Scheme) has been developed by the Ministry of Finance and Public Administrations and the CCN (National Cryptological Center). This includes the basic principles and minimum requirements necessary for the adequate protection of information.;inbound-entity-461511-j4;global;2025-07-01 12:49:44.280256;op.mon.3.gcp.scc.1;Vigilancia;op.mon.3;operacional;monitorización del sistema;Se deberá habilitar la verificación de vulnerabilidades para los servicios de GCP;alto;requisito;confidencialidad,integridad,trazabilidad,autenticidad,disponibilidad;automático;;PASS;GCR Container Scanning is enabled in project inbound-entity-461511-j4.;containerscanning.googleapis.com;gcr_container_scanning_enabled;False;GCR Container Scanning
gcp;The accreditation scheme of the ENS (National Security Scheme) has been developed by the Ministry of Finance and Public Administrations and the CCN (National Cryptological Center). This includes the basic principles and minimum requirements necessary for the adequate protection of information.;inbound-entity-461511-j4;global;2025-07-01 12:49:44.280256;opc.acc.1.r1.gcp.iam.2;Identificacion Avanzada;op.acc.1.r1;operacional;control de acceso;El administrador del sistema será el responsable de mantener la lista de usuarios autorizados a través de los distintos tipos de cuentas que gestiona GCP.;alto;refuerzo;trazabilidad,autenticidad;automático;;FAIL;Audit Logs are not enabled for project inbound-entity-461511-j4.;inbound-entity-461511-j4;iam_audit_logs_enabled;False;My First Project
gcp;The accreditation scheme of the ENS (National Security Scheme) has been developed by the Ministry of Finance and Public Administrations and the CCN (National Cryptological Center). This includes the basic principles and minimum requirements necessary for the adequate protection of information.;inbound-entity-461511-j4;global;2025-07-01 12:49:44.280256;op.acc.6.r5.gcp.cl.1;Registro de la actividad;op.acc.6.r5;operacional;control de acceso;Es necesario registrar la actividad de acceso tanto exitoso como fallido de los usuarios.;alto;refuerzo;confidencialidad,integridad,trazabilidad,autenticidad;automático;;FAIL;Audit Logs are not enabled for project inbound-entity-461511-j4.;inbound-entity-461511-j4;iam_audit_logs_enabled;False;My First Project
gcp;The accreditation scheme of the ENS (National Security Scheme) has been developed by the Ministry of Finance and Public Administrations and the CCN (National Cryptological Center). This includes the basic principles and minimum requirements necessary for the adequate protection of information.;inbound-entity-461511-j4;global;2025-07-01 12:49:44.280256;op.acc.6.r9.gcp.api.1;Acceso remoto;op.acc.6.r9;operacional;control de acceso;Se debe de considerar la autorización por la autoridad correspondiente, siendo el tráfico cifrado, recogiendo los registros de auditoría.;alto;refuerzo;confidencialidad,integridad,trazabilidad,autenticidad;automático;;FAIL;Audit Logs are not enabled for project inbound-entity-461511-j4.;inbound-entity-461511-j4;iam_audit_logs_enabled;False;My First Project
gcp;The accreditation scheme of the ENS (National Security Scheme) has been developed by the Ministry of Finance and Public Administrations and the CCN (National Cryptological Center). This includes the basic principles and minimum requirements necessary for the adequate protection of information.;inbound-entity-461511-j4;global;2025-07-01 12:49:44.280256;op.exp.1.gcp.scc.1;Inventario de activos;op.exp.1;operacional;explotación;Se requiere mantener la identificación de recursos y servicios de todos los elementos del sistema teniendo la capacidad para evaluar el cumplimiento normativo del ENS en GCP y conociendo las propiedades del recurso.;alto;requisito;confidencialidad,integridad,trazabilidad,autenticidad,disponibilidad;automático;;PASS;Cloud Asset Inventory is enabled in project inbound-entity-461511-j4.;cloudasset.googleapis.com;iam_cloud_asset_inventory_enabled;False;Cloud Asset Inventory
gcp;The accreditation scheme of the ENS (National Security Scheme) has been developed by the Ministry of Finance and Public Administrations and the CCN (National Cryptological Center). This includes the basic principles and minimum requirements necessary for the adequate protection of information.;inbound-entity-461511-j4;global;2025-07-01 12:49:44.280256;op.exp.1.r2.gcp.cai.1;Identificación periódica de activos;op.exp.1.r2;operacional;explotación;Permitir visualizar de forma contínua el estado de todos los activos del sistema.Cloud Asset Inventory  proporciona una base de datos con un histórico de los recursos de GCP.;alto;recomendacion;confidencialidad,integridad,trazabilidad,autenticidad,disponibilidad;automático;;PASS;Cloud Asset Inventory is enabled in project inbound-entity-461511-j4.;cloudasset.googleapis.com;iam_cloud_asset_inventory_enabled;False;Cloud Asset Inventory
gcp;The accreditation scheme of the ENS (National Security Scheme) has been developed by the Ministry of Finance and Public Administrations and the CCN (National Cryptological Center). This includes the basic principles and minimum requirements necessary for the adequate protection of information.;inbound-entity-461511-j4;global;2025-07-01 12:49:44.280256;op.exp.1.r3.gcp.cai.1;Identificación de activos críticos;op.exp.1.r3;operacional;explotación;;alto;recomendacion;confidencialidad,integridad,trazabilidad,autenticidad,disponibilidad;automático;;PASS;Cloud Asset Inventory is enabled in project inbound-entity-461511-j4.;cloudasset.googleapis.com;iam_cloud_asset_inventory_enabled;False;Cloud Asset Inventory
gcp;The accreditation scheme of the ENS (National Security Scheme) has been developed by the Ministry of Finance and Public Administrations and the CCN (National Cryptological Center). This includes the basic principles and minimum requirements necessary for the adequate protection of information.;inbound-entity-461511-j4;global;2025-07-01 12:49:44.280256;op.acc.1.r1.gcp.iam.1;Identificacion Avanzada;op.acc.1.r1;operacional;control de acceso;El usuario deberá ser identificado de manera singular asociada a una persona en particular permitiendo al responsable del sistema, al responsable de la seguirdad o a los administradores determinar sus responsabilidades dentro del sistema con GCP Cloud Identity.;alto;refuerzo;trazabilidad,autenticidad;automático;;PASS;No IAM Users assigned to service roles at project level inbound-entity-461511-j4.;inbound-entity-461511-j4;iam_no_service_roles_at_project_level;False;inbound-entity-461511-j4
gcp;The accreditation scheme of the ENS (National Security Scheme) has been developed by the Ministry of Finance and Public Administrations and the CCN (National Cryptological Center). This includes the basic principles and minimum requirements necessary for the adequate protection of information.;inbound-entity-461511-j4;global;2025-07-01 12:49:44.280256;op.acc.3.gcp.org.1;Segregación de funciones y tareas;op.acc.3;operacional;control de acceso;Se deberá aplicar el principio de separación de obligaciones al asignar funciones relacionadas con las cuentas de servicio a los usuarios. La separación de obligaciones es el concepto de asegurar que un individuo no tenga todos los permisos necesarios para poder completar una acción maliciosa. En GCP IAM podría ser una acción como el uso de una cuenta de servicio para acceder a recursos a los que el usuario no debería tener acceso normalmente.;alto;requisito;confidencialidad,integridad,trazabilidad,autenticidad;automático;;PASS;Principle of separation of duties was enforced for KMS-Related Roles in project inbound-entity-461511-j4.;inbound-entity-461511-j4;iam_role_kms_enforce_separation_of_duties;False;My First Project
gcp;The accreditation scheme of the ENS (National Security Scheme) has been developed by the Ministry of Finance and Public Administrations and the CCN (National Cryptological Center). This includes the basic principles and minimum requirements necessary for the adequate protection of information.;inbound-entity-461511-j4;global;2025-07-01 12:49:44.280256;op.acc.3.gcp.org.1;Segregación de funciones y tareas;op.acc.3;operacional;control de acceso;Se deberá aplicar el principio de separación de obligaciones al asignar funciones relacionadas con las cuentas de servicio a los usuarios. La separación de obligaciones es el concepto de asegurar que un individuo no tenga todos los permisos necesarios para poder completar una acción maliciosa. En GCP IAM podría ser una acción como el uso de una cuenta de servicio para acceder a recursos a los que el usuario no debería tener acceso normalmente.;alto;requisito;confidencialidad,integridad,trazabilidad,autenticidad;automático;;PASS;Principle of separation of duties was enforced for Service-Account Related Roles in project inbound-entity-461511-j4.;inbound-entity-461511-j4;iam_role_sa_enforce_separation_of_duties;False;My First Project
gcp;The accreditation scheme of the ENS (National Security Scheme) has been developed by the Ministry of Finance and Public Administrations and the CCN (National Cryptological Center). This includes the basic principles and minimum requirements necessary for the adequate protection of information.;inbound-entity-461511-j4;global;2025-07-01 12:49:44.280256;op.exp.1.r2.gcp.cai.1;Identificación periódica de activos;op.exp.1.r2;operacional;explotación;Permitir visualizar de forma contínua el estado de todos los activos del sistema.Cloud Asset Inventory  proporciona una base de datos con un histórico de los recursos de GCP.;alto;recomendacion;confidencialidad,integridad,trazabilidad,autenticidad,disponibilidad;automático;;FAIL;There are no log metric filters or alerts associated in project inbound-entity-461511-j4.;inbound-entity-461511-j4;logging_log_metric_filter_and_alert_for_audit_configuration_changes_enabled;False;My First Project
gcp;The accreditation scheme of the ENS (National Security Scheme) has been developed by the Ministry of Finance and Public Administrations and the CCN (National Cryptological Center). This includes the basic principles and minimum requirements necessary for the adequate protection of information.;inbound-entity-461511-j4;global;2025-07-01 12:49:44.280256;op.exp.4.r4.gcp.log.1;Monitorización contínua;op.exp.4.r4;operacional;explotación;Habilitar la configuración de auditoría para la monitorización de los cambios en los servicios de GCP;alto;refuerzo;confidencialidad,integridad,trazabilidad,autenticidad,disponibilidad;automático;;FAIL;There are no log metric filters or alerts associated in project inbound-entity-461511-j4.;inbound-entity-461511-j4;logging_log_metric_filter_and_alert_for_audit_configuration_changes_enabled;False;My First Project
gcp;The accreditation scheme of the ENS (National Security Scheme) has been developed by the Ministry of Finance and Public Administrations and the CCN (National Cryptological Center). This includes the basic principles and minimum requirements necessary for the adequate protection of information.;inbound-entity-461511-j4;global;2025-07-01 12:49:44.280256;op.mon.3.r6.gcp.scc.1;Inspecciones de seguridad;op.mon.3.r6;operacional;monitorización del sistema;Monitoreo de las alertas por cambios en la configuración;alto;refuerzo;confidencialidad,integridad,trazabilidad,autenticidad,disponibilidad;automático;;FAIL;There are no log metric filters or alerts associated in project inbound-entity-461511-j4.;inbound-entity-461511-j4;logging_log_metric_filter_and_alert_for_audit_configuration_changes_enabled;False;My First Project
gcp;The accreditation scheme of the ENS (National Security Scheme) has been developed by the Ministry of Finance and Public Administrations and the CCN (National Cryptological Center). This includes the basic principles and minimum requirements necessary for the adequate protection of information.;inbound-entity-461511-j4;global;2025-07-01 12:49:44.280256;op.exp.1.r2.gcp.cai.1;Identificación periódica de activos;op.exp.1.r2;operacional;explotación;Permitir visualizar de forma contínua el estado de todos los activos del sistema.Cloud Asset Inventory  proporciona una base de datos con un histórico de los recursos de GCP.;alto;recomendacion;confidencialidad,integridad,trazabilidad,autenticidad,disponibilidad;automático;;FAIL;There are no log metric filters or alerts associated in project inbound-entity-461511-j4.;inbound-entity-461511-j4;logging_log_metric_filter_and_alert_for_bucket_permission_changes_enabled;False;My First Project
gcp;The accreditation scheme of the ENS (National Security Scheme) has been developed by the Ministry of Finance and Public Administrations and the CCN (National Cryptological Center). This includes the basic principles and minimum requirements necessary for the adequate protection of information.;inbound-entity-461511-j4;global;2025-07-01 12:49:44.280256;opc.acc.1.r1.gcp.iam.2;Identificacion Avanzada;op.acc.1.r1;operacional;control de acceso;El administrador del sistema será el responsable de mantener la lista de usuarios autorizados a través de los distintos tipos de cuentas que gestiona GCP.;alto;refuerzo;trazabilidad,autenticidad;automático;;FAIL;There are no log metric filters or alerts associated in project inbound-entity-461511-j4.;inbound-entity-461511-j4;logging_log_metric_filter_and_alert_for_custom_role_changes_enabled;False;My First Project
gcp;The accreditation scheme of the ENS (National Security Scheme) has been developed by the Ministry of Finance and Public Administrations and the CCN (National Cryptological Center). This includes the basic principles and minimum requirements necessary for the adequate protection of information.;inbound-entity-461511-j4;global;2025-07-01 12:49:44.280256;opc.acc.1.r1.gcp.iam.2;Identificacion Avanzada;op.acc.1.r1;operacional;control de acceso;El administrador del sistema será el responsable de mantener la lista de usuarios autorizados a través de los distintos tipos de cuentas que gestiona GCP.;alto;refuerzo;trazabilidad,autenticidad;automático;;FAIL;There are no log metric filters or alerts associated in project inbound-entity-461511-j4.;inbound-entity-461511-j4;logging_log_metric_filter_and_alert_for_project_ownership_changes_enabled;False;My First Project
gcp;The accreditation scheme of the ENS (National Security Scheme) has been developed by the Ministry of Finance and Public Administrations and the CCN (National Cryptological Center). This includes the basic principles and minimum requirements necessary for the adequate protection of information.;inbound-entity-461511-j4;global;2025-07-01 12:49:44.280256;op.acc.3.r1.gcp.iam.1;Segregación rigurosa;op.acc.3.r1;operacional;control de acceso;Las actividades de configuración, mantenimiento, auditoría o supervisión, no debe ser realizada por la misma persona, para lo cual se deberá configurar un rol específico para cada función y gestionarlo con GCP IAM.;alto;refuerzo;confidencialidad,integridad,trazabilidad,autenticidad;automático;;FAIL;There are no log metric filters or alerts associated in project inbound-entity-461511-j4.;inbound-entity-461511-j4;logging_log_metric_filter_and_alert_for_project_ownership_changes_enabled;False;My First Project
gcp;The accreditation scheme of the ENS (National Security Scheme) has been developed by the Ministry of Finance and Public Administrations and the CCN (National Cryptological Center). This includes the basic principles and minimum requirements necessary for the adequate protection of information.;inbound-entity-461511-j4;global;2025-07-01 12:49:44.280256;mp.s.4.r1.gcp.app.1;Detección y reacción;mp.s.4.r1;medidas de protección;protección de los servicios;;alto;refuerzo;disponibilidad;automático;;FAIL;There are no log metric filters or alerts associated in project inbound-entity-461511-j4.;inbound-entity-461511-j4;logging_log_metric_filter_and_alert_for_sql_instance_configuration_changes_enabled;False;My First Project
gcp;The accreditation scheme of the ENS (National Security Scheme) has been developed by the Ministry of Finance and Public Administrations and the CCN (National Cryptological Center). This includes the basic principles and minimum requirements necessary for the adequate protection of information.;inbound-entity-461511-j4;global;2025-07-01 12:49:44.280256;op.exp.8.gcp.nt.1;Registro de la actividad;op.exp.8;operacional;explotación;Configuración de las reglas de actividad de red para registrar los cambios;alto;requisito;trazabilidad;automático;;FAIL;There are no log metric filters or alerts associated in project inbound-entity-461511-j4.;inbound-entity-461511-j4;logging_log_metric_filter_and_alert_for_vpc_firewall_rule_changes_enabled;False;My First Project
gcp;The accreditation scheme of the ENS (National Security Scheme) has been developed by the Ministry of Finance and Public Administrations and the CCN (National Cryptological Center). This includes the basic principles and minimum requirements necessary for the adequate protection of information.;inbound-entity-461511-j4;global;2025-07-01 12:49:44.280256;op.exp.8.r1.gcp.nt.1;Revisión de los registros;op.exp.8.r1;operacional;explotación;Configuración de las reglas de actividad de red para registrar los cambios y alertar sobre posibles situaciones extraordinarias;alto;refuerzo;trazabilidad;automático;;FAIL;There are no log metric filters or alerts associated in project inbound-entity-461511-j4.;inbound-entity-461511-j4;logging_log_metric_filter_and_alert_for_vpc_firewall_rule_changes_enabled;False;My First Project
gcp;The accreditation scheme of the ENS (National Security Scheme) has been developed by the Ministry of Finance and Public Administrations and the CCN (National Cryptological Center). This includes the basic principles and minimum requirements necessary for the adequate protection of information.;inbound-entity-461511-j4;global;2025-07-01 12:49:44.280256;op.exp.8.gcp.nt.1;Registro de la actividad;op.exp.8;operacional;explotación;Configuración de las reglas de actividad de red para registrar los cambios;alto;requisito;trazabilidad;automático;;FAIL;There are no log metric filters or alerts associated in project inbound-entity-461511-j4.;inbound-entity-461511-j4;logging_log_metric_filter_and_alert_for_vpc_network_changes_enabled;False;My First Project
gcp;The accreditation scheme of the ENS (National Security Scheme) has been developed by the Ministry of Finance and Public Administrations and the CCN (National Cryptological Center). This includes the basic principles and minimum requirements necessary for the adequate protection of information.;inbound-entity-461511-j4;global;2025-07-01 12:49:44.280256;op.exp.8.r1.gcp.nt.1;Revisión de los registros;op.exp.8.r1;operacional;explotación;Configuración de las reglas de actividad de red para registrar los cambios y alertar sobre posibles situaciones extraordinarias;alto;refuerzo;trazabilidad;automático;;FAIL;There are no log metric filters or alerts associated in project inbound-entity-461511-j4.;inbound-entity-461511-j4;logging_log_metric_filter_and_alert_for_vpc_network_changes_enabled;False;My First Project
gcp;The accreditation scheme of the ENS (National Security Scheme) has been developed by the Ministry of Finance and Public Administrations and the CCN (National Cryptological Center). This includes the basic principles and minimum requirements necessary for the adequate protection of information.;inbound-entity-461511-j4;global;2025-07-01 12:49:44.280256;mp.com.4.r4.gcp.net.1;Puntos de interconexión;mp.com.4.r4;medidas de protección;protección de las comunicaciones;Asegurarse de que el acceso a la conexión de red esté protegida.;alto;refuerzo;confidencialidad,integridad,trazabilidad,autenticidad,disponibilidad;automático;;FAIL;There are no log metric filters or alerts associated in project inbound-entity-461511-j4.;inbound-entity-461511-j4;logging_log_metric_filter_and_alert_for_vpc_network_changes_enabled;False;My First Project
gcp;The accreditation scheme of the ENS (National Security Scheme) has been developed by the Ministry of Finance and Public Administrations and the CCN (National Cryptological Center). This includes the basic principles and minimum requirements necessary for the adequate protection of information.;inbound-entity-461511-j4;global;2025-07-01 12:49:44.280256;op.exp.8.gcp.nt.1;Registro de la actividad;op.exp.8;operacional;explotación;Configuración de las reglas de actividad de red para registrar los cambios;alto;requisito;trazabilidad;automático;;FAIL;There are no log metric filters or alerts associated in project inbound-entity-461511-j4.;inbound-entity-461511-j4;logging_log_metric_filter_and_alert_for_vpc_network_route_changes_enabled;False;My First Project
gcp;The accreditation scheme of the ENS (National Security Scheme) has been developed by the Ministry of Finance and Public Administrations and the CCN (National Cryptological Center). This includes the basic principles and minimum requirements necessary for the adequate protection of information.;inbound-entity-461511-j4;global;2025-07-01 12:49:44.280256;op.exp.8.r1.gcp.nt.1;Revisión de los registros;op.exp.8.r1;operacional;explotación;Configuración de las reglas de actividad de red para registrar los cambios y alertar sobre posibles situaciones extraordinarias;alto;refuerzo;trazabilidad;automático;;FAIL;There are no log metric filters or alerts associated in project inbound-entity-461511-j4.;inbound-entity-461511-j4;logging_log_metric_filter_and_alert_for_vpc_network_route_changes_enabled;False;My First Project
gcp;The accreditation scheme of the ENS (National Security Scheme) has been developed by the Ministry of Finance and Public Administrations and the CCN (National Cryptological Center). This includes the basic principles and minimum requirements necessary for the adequate protection of information.;inbound-entity-461511-j4;global;2025-07-01 12:49:44.280256;op.exp.8.r5.gcp.cl.1;Revisión automática y correlación de eventos;op.exp.8.r5;operacional;explotación;Habilitar log sink para el correcto registro de logging para administrarlos para cada receptor de manera automática;alto;refuerzo;trazabilidad;automático;;FAIL;There are no logging sinks to export copies of all the log entries in project inbound-entity-461511-j4.;inbound-entity-461511-j4;logging_sink_created;False;My First Project
gcp;The accreditation scheme of the ENS (National Security Scheme) has been developed by the Ministry of Finance and Public Administrations and the CCN (National Cryptological Center). This includes the basic principles and minimum requirements necessary for the adequate protection of information.;inbound-entity-461511-j4;global;2025-07-01 12:49:44.280256;op.ext.3.gcp.log.2;Protección de la cadena de suministro;op.ext.3;operacional;recursos externos;Asegurar que el logging sink esté configurado;alto;requisito;confidencialidad,integridad,trazabilidad,autenticidad,disponibilidad;automático;;FAIL;There are no logging sinks to export copies of all the log entries in project inbound-entity-461511-j4.;inbound-entity-461511-j4;logging_sink_created;False;My First Project
gcp;The accreditation scheme of the ENS (National Security Scheme) has been developed by the Ministry of Finance and Public Administrations and the CCN (National Cryptological Center). This includes the basic principles and minimum requirements necessary for the adequate protection of information.;;;2025-07-01 12:49:44.280256;op.acc.6.r2.gcp.iam.1;Contraseña + otro factor de autenticación;op.acc.6.r2;operacional;control de acceso;Se deberá activar el doble factor de autenticación para todas las cuentas que no sean cuentas de servicios.;alto;refuerzo;confidencialidad,integridad,trazabilidad,autenticidad;manual;;MANUAL;Manual check;manual_check;manual;False;Manual check
gcp;The accreditation scheme of the ENS (National Security Scheme) has been developed by the Ministry of Finance and Public Administrations and the CCN (National Cryptological Center). This includes the basic principles and minimum requirements necessary for the adequate protection of information.;;;2025-07-01 12:49:44.280256;op.acc.6.r4.gcp.ip.1;Certificados en dispositivo físico;op.acc.6.r4;operacional;control de acceso;Uso de certificados cualificados para la identificación en soporte físico usando algoritmos, parámetros y dispositivos autorizados protegidos por un segundo factor a través de PIN o biométrico.;alto;refuerzo;confidencialidad,integridad,trazabilidad,autenticidad;manual;;MANUAL;Manual check;manual_check;manual;False;Manual check
gcp;The accreditation scheme of the ENS (National Security Scheme) has been developed by the Ministry of Finance and Public Administrations and the CCN (National Cryptological Center). This includes the basic principles and minimum requirements necessary for the adequate protection of information.;;;2025-07-01 12:49:44.280256;op.acc.6.r8.gcp.iam.1;Doble factor para acceso desde o através de zonas no controladas;op.acc.6.r8;operacional;control de acceso;Para las cuentas que son administradores, se deberá activar el factor de autenticación más fuerte: Llaves de seguridad. Las llaves de seguridad son llaves físicas reales que se utilizan para acceder a las cuentas de administrador de la organización de Google.;alto;refuerzo;confidencialidad,integridad,trazabilidad,autenticidad;manual;;MANUAL;Manual check;manual_check;manual;False;Manual check
gcp;The accreditation scheme of the ENS (National Security Scheme) has been developed by the Ministry of Finance and Public Administrations and the CCN (National Cryptological Center). This includes the basic principles and minimum requirements necessary for the adequate protection of information.;;;2025-07-01 12:49:44.280256;op.exp.1.r1.gcp.cai.1;Inventario de etiquetado;op.exp.1.r1;operacional;explotación;;alto;recomendacion;confidencialidad,integridad,trazabilidad,autenticidad,disponibilidad;manual;;MANUAL;Manual check;manual_check;manual;False;Manual check
gcp;The accreditation scheme of the ENS (National Security Scheme) has been developed by the Ministry of Finance and Public Administrations and the CCN (National Cryptological Center). This includes the basic principles and minimum requirements necessary for the adequate protection of information.;;;2025-07-01 12:49:44.280256;op.exp.1.r4.gcp.cai.1;Lista de componentes software;op.exp.1.r4;operacional;explotación;;alto;recomendacion;confidencialidad,integridad,trazabilidad,autenticidad,disponibilidad;manual;;MANUAL;Manual check;manual_check;manual;False;Manual check
gcp;The accreditation scheme of the ENS (National Security Scheme) has been developed by the Ministry of Finance and Public Administrations and the CCN (National Cryptological Center). This includes the basic principles and minimum requirements necessary for the adequate protection of information.;;;2025-07-01 12:49:44.280256;op.exp.4.gcp.ma.1;Mantenimiento y actualizaciones de seguridad;op.exp.4;operacional;explotación;Se debe de disponer de un procedimiento para analizar, priorizar y determinar la aplicación de las actulalizaciones de seguridad, incluyendo los parches, mejoras y nuevas versiones, realizado por personal debidamente autorizado.;alto;requisito;confidencialidad,integridad,trazabilidad,autenticidad,disponibilidad;manual;;MANUAL;Manual check;manual_check;manual;False;Manual check
gcp;The accreditation scheme of the ENS (National Security Scheme) has been developed by the Ministry of Finance and Public Administrations and the CCN (National Cryptological Center). This includes the basic principles and minimum requirements necessary for the adequate protection of information.;;;2025-07-01 12:49:44.280256;op.exp.4.r1.gcp.ci.1;Pruebas en preproducción;op.exp.4.r1;operacional;explotación;Se deberá habilitar un entorno paralelo controlado y consistente en configuración al entorno de producción.;alto;refuerzo;confidencialidad,integridad,trazabilidad,autenticidad,disponibilidad;manual;;MANUAL;Manual check;manual_check;manual;False;Manual check
gcp;The accreditation scheme of the ENS (National Security Scheme) has been developed by the Ministry of Finance and Public Administrations and the CCN (National Cryptological Center). This includes the basic principles and minimum requirements necessary for the adequate protection of information.;;;2025-07-01 12:49:44.280256;op.exp.6.r1.gcp.scc.1;Escaneo periódico;op.exp.6.r1;operacional;explotación;;alto;refuerzo;confidencialidad,integridad,trazabilidad,autenticidad,disponibilidad;manual;;MANUAL;Manual check;manual_check;manual;False;Manual check
gcp;The accreditation scheme of the ENS (National Security Scheme) has been developed by the Ministry of Finance and Public Administrations and the CCN (National Cryptological Center). This includes the basic principles and minimum requirements necessary for the adequate protection of information.;;;2025-07-01 12:49:44.280256;op.exp.6.r2.gcp.scc.1;Revisión preventiva del sistema;op.exp.6.r2;operacional;explotación;;alto;refuerzo;confidencialidad,integridad,trazabilidad,autenticidad,disponibilidad;manual;;MANUAL;Manual check;manual_check;manual;False;Manual check
gcp;The accreditation scheme of the ENS (National Security Scheme) has been developed by the Ministry of Finance and Public Administrations and the CCN (National Cryptological Center). This includes the basic principles and minimum requirements necessary for the adequate protection of information.;;;2025-07-01 12:49:44.280256;op.exp.6.gcp.app.1;Lista blanca;op.exp.6.r3;operacional;explotación;;alto;refuerzo;confidencialidad,integridad,trazabilidad,autenticidad,disponibilidad;manual;;MANUAL;Manual check;manual_check;manual;False;Manual check
gcp;The accreditation scheme of the ENS (National Security Scheme) has been developed by the Ministry of Finance and Public Administrations and the CCN (National Cryptological Center). This includes the basic principles and minimum requirements necessary for the adequate protection of information.;;;2025-07-01 12:49:44.280256;op.exp.8.r2.gcp.wc.1;Sincronización del reloj del sistema;op.exp.8.r2;operacional;explotación;;alto;refuerzo;trazabilidad;manual;;MANUAL;Manual check;manual_check;manual;False;Manual check
gcp;The accreditation scheme of the ENS (National Security Scheme) has been developed by the Ministry of Finance and Public Administrations and the CCN (National Cryptological Center). This includes the basic principles and minimum requirements necessary for the adequate protection of information.;;;2025-07-01 12:49:44.280256;op.exp.10.r1.gcp.key.1;Algoritmos autorizados;op.exp.10.r1;operacional;explotación;Asegurar que los algoritmos utilizados estén aprobados por el CCN;alto;refuerzo;confidencialidad,integridad,trazabilidad,autenticidad,disponibilidad;manual;;MANUAL;Manual check;manual_check;manual;False;Manual check
gcp;The accreditation scheme of the ENS (National Security Scheme) has been developed by the Ministry of Finance and Public Administrations and the CCN (National Cryptological Center). This includes the basic principles and minimum requirements necessary for the adequate protection of information.;;;2025-07-01 12:49:44.280256;op.cont.2.gcp.cp.1;Plan de continuidad;op.cont.2;operacional;continuidad del servicio;;alto;requisito;disponibilidad;manual;;MANUAL;Manual check;manual_check;manual;False;Manual check
gcp;The accreditation scheme of the ENS (National Security Scheme) has been developed by the Ministry of Finance and Public Administrations and the CCN (National Cryptological Center). This includes the basic principles and minimum requirements necessary for the adequate protection of information.;;;2025-07-01 12:49:44.280256;op.mon.1.gcp.scc.1;Detección de intrusión;op.mon.1;operacional;monitorización del sistema;;alto;requisito;confidencialidad,integridad,trazabilidad,autenticidad,disponibilidad;manual;;MANUAL;Manual check;manual_check;manual;False;Manual check
gcp;The accreditation scheme of the ENS (National Security Scheme) has been developed by the Ministry of Finance and Public Administrations and the CCN (National Cryptological Center). This includes the basic principles and minimum requirements necessary for the adequate protection of information.;;;2025-07-01 12:49:44.280256;op.mon.1.r3.gc.scc.1;Acciones predeterminadas;op.mon.1.r3;operacional;monitorización del sistema;;alto;refuerzo;confidencialidad,integridad,trazabilidad,autenticidad,disponibilidad;manual;;MANUAL;Manual check;manual_check;manual;False;Manual check
gcp;The accreditation scheme of the ENS (National Security Scheme) has been developed by the Ministry of Finance and Public Administrations and the CCN (National Cryptological Center). This includes the basic principles and minimum requirements necessary for the adequate protection of information.;;;2025-07-01 12:49:44.280256;op.mon.3.r1.gcp.scc.1;Correlación de eventos;op.mon.3.r1;operacional;monitorización del sistema;;alto;refuerzo;confidencialidad,integridad,trazabilidad,autenticidad,disponibilidad;manual;;MANUAL;Manual check;manual_check;manual;False;Manual check
gcp;The accreditation scheme of the ENS (National Security Scheme) has been developed by the Ministry of Finance and Public Administrations and the CCN (National Cryptological Center). This includes the basic principles and minimum requirements necessary for the adequate protection of information.;;;2025-07-01 12:49:44.280256;op.mon.3.r2.gcp.scc.1;Análisis dinámico;op.mon.3.r2;operacional;monitorización del sistema;;alto;refuerzo;confidencialidad,integridad,trazabilidad,autenticidad,disponibilidad;manual;;MANUAL;Manual check;manual_check;manual;False;Manual check
gcp;The accreditation scheme of the ENS (National Security Scheme) has been developed by the Ministry of Finance and Public Administrations and the CCN (National Cryptological Center). This includes the basic principles and minimum requirements necessary for the adequate protection of information.;;;2025-07-01 12:49:44.280256;op.mon.3.r3.gcp.scc.1;Ciberamenazas avanzadas;op.mon.3.r3;operacional;monitorización del sistema;;alto;refuerzo;confidencialidad,integridad,trazabilidad,autenticidad,disponibilidad;manual;;MANUAL;Manual check;manual_check;manual;False;Manual check
gcp;The accreditation scheme of the ENS (National Security Scheme) has been developed by the Ministry of Finance and Public Administrations and the CCN (National Cryptological Center). This includes the basic principles and minimum requirements necessary for the adequate protection of information.;;;2025-07-01 12:49:44.280256;op.mon.3.r4.gcp.scc.1;Observatorios digitales;op.mon.3.r4;operacional;monitorización del sistema;;alto;refuerzo;confidencialidad,integridad,trazabilidad,autenticidad,disponibilidad;manual;;MANUAL;Manual check;manual_check;manual;False;Manual check
gcp;The accreditation scheme of the ENS (National Security Scheme) has been developed by the Ministry of Finance and Public Administrations and the CCN (National Cryptological Center). This includes the basic principles and minimum requirements necessary for the adequate protection of information.;;;2025-07-01 12:49:44.280256;mp.com.2.r1.gcp.scc.1;Algoritmos y parámetros autorizados;mp.com.2.r1;medidas de protección;protección de las comunicaciones;Se emplearán algoritmos y parámetros autorizados por el CCN;alto;refuerzo;confidencialidad;manual;;MANUAL;Manual check;manual_check;manual;False;Manual check
gcp;The accreditation scheme of the ENS (National Security Scheme) has been developed by the Ministry of Finance and Public Administrations and the CCN (National Cryptological Center). This includes the basic principles and minimum requirements necessary for the adequate protection of information.;;;2025-07-01 12:49:44.280256;mp.com.2.r3.gcp.key.1;Productos certificados;mp.com.2.r3;medidas de protección;protección de las comunicaciones;Se usarán productos certificados que cumplan los requisitos del CCN;alto;refuerzo;confidencialidad;manual;;MANUAL;Manual check;manual_check;manual;False;Manual check
gcp;The accreditation scheme of the ENS (National Security Scheme) has been developed by the Ministry of Finance and Public Administrations and the CCN (National Cryptological Center). This includes the basic principles and minimum requirements necessary for the adequate protection of information.;;;2025-07-01 12:49:44.280256;mp.com.2.r4.gcp.key.1;Cifradores;mp.com.2.r4;medidas de protección;protección de las comunicaciones;Se usarán productos de cifrado que cumplan los requisitos del CCN;alto;refuerzo;confidencialidad;manual;;MANUAL;Manual check;manual_check;manual;False;Manual check
gcp;The accreditation scheme of the ENS (National Security Scheme) has been developed by the Ministry of Finance and Public Administrations and the CCN (National Cryptological Center). This includes the basic principles and minimum requirements necessary for the adequate protection of information.;;;2025-07-01 12:49:44.280256;mp.com.3.gcp.net.1;Protección de la integridad y de la autenticidad;mp.com.3;medidas de protección;protección de las comunicaciones;Habilitar Secret Manager para la protección de la integridad;alto;requisito;integridad,autenticidad;manual;;MANUAL;Manual check;manual_check;manual;False;Manual check
gcp;The accreditation scheme of the ENS (National Security Scheme) has been developed by the Ministry of Finance and Public Administrations and the CCN (National Cryptological Center). This includes the basic principles and minimum requirements necessary for the adequate protection of information.;;;2025-07-01 12:49:44.280256;mp.com.3.r2.gcp.key.1;Algoritmos y parámetros autorizados;mp.com.3.r2;medidas de protección;protección de las comunicaciones;Se emplearán algoritmos y parámetros autorizados por el CCN;alto;refuerzo;integridad,autenticidad;manual;;MANUAL;Manual check;manual_check;manual;False;Manual check
gcp;The accreditation scheme of the ENS (National Security Scheme) has been developed by the Ministry of Finance and Public Administrations and the CCN (National Cryptological Center). This includes the basic principles and minimum requirements necessary for the adequate protection of information.;;;2025-07-01 12:49:44.280256;mp.com.3.r4.gcp.scc.1;Productos certificados;mp.com.3.r4;medidas de protección;protección de las comunicaciones;Se usarán productos certificados que cumplan los requisitos del CCN;alto;refuerzo;integridad,autenticidad;manual;;MANUAL;Manual check;manual_check;manual;False;Manual check
gcp;The accreditation scheme of the ENS (National Security Scheme) has been developed by the Ministry of Finance and Public Administrations and the CCN (National Cryptological Center). This includes the basic principles and minimum requirements necessary for the adequate protection of information.;;;2025-07-01 12:49:44.280256;mp.com.4.r2.gcp.net.1;Segmentación lógica avanzada;mp.com.4.r2;medidas de protección;protección de las comunicaciones;;alto;refuerzo;confidencialidad,integridad,trazabilidad,autenticidad,disponibilidad;manual;;MANUAL;Manual check;manual_check;manual;False;Manual check
gcp;The accreditation scheme of the ENS (National Security Scheme) has been developed by the Ministry of Finance and Public Administrations and the CCN (National Cryptological Center). This includes the basic principles and minimum requirements necessary for the adequate protection of information.;;;2025-07-01 12:49:44.280256;mp.com.4.r3.gcp.net.1;Segmentación física;mp.com.4.r3;medidas de protección;protección de las comunicaciones;Los segmentos de red se implementarán con medios físicos separados.;alto;refuerzo;confidencialidad,integridad,trazabilidad,autenticidad,disponibilidad;manual;;MANUAL;Manual check;manual_check;manual;False;Manual check
gcp;The accreditation scheme of the ENS (National Security Scheme) has been developed by the Ministry of Finance and Public Administrations and the CCN (National Cryptological Center). This includes the basic principles and minimum requirements necessary for the adequate protection of information.;;;2025-07-01 12:49:44.280256;mp.si.2.gcp.key.1;Criptografía;mp.si.2;medidas de protección;protección de los soportes de información;;alto;requisito;confidencialidad,integridad;manual;;MANUAL;Manual check;manual_check;manual;False;Manual check
gcp;The accreditation scheme of the ENS (National Security Scheme) has been developed by the Ministry of Finance and Public Administrations and the CCN (National Cryptological Center). This includes the basic principles and minimum requirements necessary for the adequate protection of information.;;;2025-07-01 12:49:44.280256;mp.si.2.r2.gcp.key.1;Copias de seguridad;mp.si.2.r2;medidas de protección;protección de los soportes de información;Cifrado de las copias de seguridad;alto;refuerzo;confidencialidad,integridad;manual;;MANUAL;Manual check;manual_check;manual;False;Manual check
gcp;The accreditation scheme of the ENS (National Security Scheme) has been developed by the Ministry of Finance and Public Administrations and the CCN (National Cryptological Center). This includes the basic principles and minimum requirements necessary for the adequate protection of information.;;;2025-07-01 12:49:44.280256;mp.info.3.gcp.key.1;Firma electrónica;mp.info.3;medidas de protección;protección de la información;;alto;requisito;integridad,autenticidad;manual;;MANUAL;Manual check;manual_check;manual;False;Manual check
gcp;The accreditation scheme of the ENS (National Security Scheme) has been developed by the Ministry of Finance and Public Administrations and the CCN (National Cryptological Center). This includes the basic principles and minimum requirements necessary for the adequate protection of information.;;;2025-07-01 12:49:44.280256;mp.info.3.r2.gcp.key.1;Algoritmos y parámetros autorizados;mp.info.3.r2;medidas de protección;protección de la información;;alto;refuerzo;integridad,autenticidad;manual;;MANUAL;Manual check;manual_check;manual;False;Manual check
gcp;The accreditation scheme of the ENS (National Security Scheme) has been developed by the Ministry of Finance and Public Administrations and the CCN (National Cryptological Center). This includes the basic principles and minimum requirements necessary for the adequate protection of information.;;;2025-07-01 12:49:44.280256;mp.info.3.r3.gcp.key.1;Verificación y validación de firma;mp.info.3.r3;medidas de protección;protección de la información;;alto;refuerzo;integridad,autenticidad;manual;;MANUAL;Manual check;manual_check;manual;False;Manual check
gcp;The accreditation scheme of the ENS (National Security Scheme) has been developed by the Ministry of Finance and Public Administrations and the CCN (National Cryptological Center). This includes the basic principles and minimum requirements necessary for the adequate protection of information.;;;2025-07-01 12:49:44.280256;mp.info.3.r4.gcp.key.1;Firma electrónica avanzada basada en certificados cualificados;mp.info.3.r4;medidas de protección;protección de la información;;alto;refuerzo;integridad,autenticidad;manual;;MANUAL;Manual check;manual_check;manual;False;Manual check
gcp;The accreditation scheme of the ENS (National Security Scheme) has been developed by the Ministry of Finance and Public Administrations and the CCN (National Cryptological Center). This includes the basic principles and minimum requirements necessary for the adequate protection of information.;;;2025-07-01 12:49:44.280256;mp.info.5.gcp.mp.1;Limpieza de documentos;mp.info.5;medidas de protección;protección de la información;;alto;requisito;confidencialidad;manual;;MANUAL;Manual check;manual_check;manual;False;Manual check
gcp;The accreditation scheme of the ENS (National Security Scheme) has been developed by the Ministry of Finance and Public Administrations and the CCN (National Cryptological Center). This includes the basic principles and minimum requirements necessary for the adequate protection of information.;;;2025-07-01 12:49:44.280256;mp.info.6.r1.gcp.scc.1;Pruebas de recuperación;mp.info.6.r1;medidas de protección;protección de la información;;alto;refuerzo;disponibilidad;manual;;MANUAL;Manual check;manual_check;manual;False;Manual check
gcp;The accreditation scheme of the ENS (National Security Scheme) has been developed by the Ministry of Finance and Public Administrations and the CCN (National Cryptological Center). This includes the basic principles and minimum requirements necessary for the adequate protection of information.;;;2025-07-01 12:49:44.280256;mp.s.1.gcp.app.1;Protección del correo electrónico;mp.s.1;medidas de protección;protección de los servicios;;alto;requisito;confidencialidad,integridad,trazabilidad,autenticidad,disponibilidad;manual;;MANUAL;Manual check;manual_check;manual;False;Manual check
gcp;The accreditation scheme of the ENS (National Security Scheme) has been developed by the Ministry of Finance and Public Administrations and the CCN (National Cryptological Center). This includes the basic principles and minimum requirements necessary for the adequate protection of information.;;;2025-07-01 12:49:44.280256;mp.s.2.r3.gcp.app.1;Protección de cachés;mp.s.2.r3;medidas de protección;protección de los servicios;;alto;refuerzo;confidencialidad,integridad,trazabilidad,autenticidad,disponibilidad;manual;;MANUAL;Manual check;manual_check;manual;False;Manual check
gcp;The accreditation scheme of the ENS (National Security Scheme) has been developed by the Ministry of Finance and Public Administrations and the CCN (National Cryptological Center). This includes the basic principles and minimum requirements necessary for the adequate protection of information.;;;2025-07-01 12:49:44.280256;mp.s.4.gcp.app.1;Protección frente a denegación de servicio;mp.s.4;medidas de protección;protección de los servicios;;alto;requisito;disponibilidad;manual;;MANUAL;Manual check;manual_check;manual;False;Manual check
